{"count":1,"self":37.7505568,"total":54.844015,"children":{"InitializeActuators":{"count":20,"self":0.0015099999999999998,"total":0.0015099999999999998,"children":null},"InitializeSensors":{"count":20,"self":0.0020001999999999997,"total":0.0020001999999999997,"children":null},"AgentSendState":{"count":2437,"self":0.098344,"total":0.47523469999999995,"children":{"CollectObservations":{"count":48740,"self":0.28000569999999997,"total":0.28000569999999997,"children":null},"WriteActionMask":{"count":48740,"self":0.020003399999999998,"total":0.020003399999999998,"children":null},"RequestDecision":{"count":48740,"self":0.0768816,"total":0.0768816,"children":null}}},"DecideAction":{"count":2437,"self":16.3354992,"total":16.3354997,"children":null},"AgentAct":{"count":2437,"self":0.2782077,"total":0.2782077,"children":null}},"gauges":{"Racer.CumulativeReward":{"count":41,"max":238.297821,"min":-32.55003,"runningAverage":53.4923058,"value":219.54805,"weightedAverage":96.63539}},"metadata":{"timer_format_version":"0.1.0","start_time_seconds":"1767382734","unity_version":"6000.0.56f1","command_line_arguments":"D:\\GameProjects\\6000.0.56f1\\Editor\\Unity.exe -projectpath D:\\ai-track -useHub -hubIPC -cloudEnvironment production -licensingIpc LicenseClient-eugen -hubSessionId f3b666b0-59cf-459a-aaae-4653e30bd0a7 -accessToken -oGz5_0OZRseD9W_wkUVrdQQ3rjAKG6-iTNIHAV5j1s009f","communication_protocol_version":"1.5.0","com.unity.ml-agents_version":"2.0.2","scene_name":"SampleScene","end_time_seconds":"1767382789"}}